[{
    "model": "portfolio.setting",
    "pk": 1,
    "fields": {
        "key": "max_sections",
        "value": "10"
    }
}, {
    "model": "portfolio.setting",
    "pk": 2,
    "fields": {
        "key": "max_navlinks",
        "value": "10"
    }
}, {
    "model": "portfolio.icon",
    "pk": 1,
    "fields": {
        "name": "GitHub",
        "icon_class": "fab fa-github",
        "colour": "#000000",
        "colour_value": "#2B2728",
        "slug": "github"
    }
}, {
    "model": "portfolio.icon",
    "pk": 2,
    "fields": {
        "name": "LinkedIn",
        "icon_class": "fab fa-linkedin-in",
        "colour": "#000000",
        "colour_value": "#0077B5",
        "slug": "linkedin"
    }
}, {
    "model": "portfolio.icon",
    "pk": 3,
    "fields": {
        "name": "Blog",
        "icon_class": "fas fa-blog",
        "colour": "#000000",
        "colour_value": "#2B2728",
        "slug": "blog"
    }
}, {
    "model": "portfolio.pagetype",
    "pk": 1,
    "fields": {
        "name": "page",
        "template_name": "portfolio/page.html",
        "view_name": "portfolio:page",
        "overwrite_view_name": "portfolio:page"
    }
}, {
    "model": "portfolio.pagetype",
    "pk": 2,
    "fields": {
        "name": "detail",
        "template_name": "portfolio/detail.html",
        "view_name": "portfolio:detail",
        "overwrite_view_name": "portfolio:detail"
    }
}, {
    "model": "portfolio.pagetype",
    "pk": 3,
    "fields": {
        "name": "collection",
        "template_name": "portfolio/collection.html",
        "view_name": "portfolio:collection",
        "overwrite_view_name": "portfolio:collection"
    }
}, {
    "model": "portfolio.pagetype",
    "pk": 4,
    "fields": {
        "name": "external",
        "template_name": "portfolio/external.html",
        "view_name": "portfolio:external",
        "overwrite_view_name": null
    }
}, {
    "model": "portfolio.pagetype",
    "pk": 5,
    "fields": {
        "name": "contact",
        "template_name": "portfolio/contact.html",
        "view_name": "portfolio:contact",
        "overwrite_view_name": "portfolio:contact"
    }
}, {
    "model": "portfolio.pagecommon",
    "pk": 1,
    "fields": {
        "friendly_name": "photos_page",
        "page_type": 3,
        "footer_link": true,
        "footer_position": 2
    }
}, {
    "model": "portfolio.pagecommon",
    "pk": 2,
    "fields": {
        "friendly_name": "projects_page",
        "page_type": 3,
        "footer_link": true,
        "footer_position": 1
    }
}, {
    "model": "portfolio.pagecommon",
    "pk": 3,
    "fields": {
        "friendly_name": "home_page",
        "page_type": 1,
        "footer_link": true,
        "footer_position": 0
    }
}, {
    "model": "portfolio.pagecommon",
    "pk": 4,
    "fields": {
        "friendly_name": "external_page",
        "page_type": 4,
        "footer_link": true,
        "footer_position": null
    }
}, {
    "model": "portfolio.pagecommon",
    "pk": 5,
    "fields": {
        "friendly_name": "privacy_page",
        "page_type": 1,
        "footer_link": false,
        "footer_position": null
    }
}, {
    "model": "portfolio.pagecommon",
    "pk": 6,
    "fields": {
        "friendly_name": "impressum_page",
        "page_type": 1,
        "footer_link": false,
        "footer_position": null
    }
}, {
    "model": "portfolio.pagecommon",
    "pk": 7,
    "fields": {
        "friendly_name": "contact_page",
        "page_type": 5,
        "footer_link": false,
        "footer_position": null
    }
}, {
    "model": "portfolio.page",
    "pk": 1,
    "fields": {
        "lang": "en",
        "name": "Projects",
        "slug": "projects",
        "common": 2
    }
}, {
    "model": "portfolio.page",
    "pk": 2,
    "fields": {
        "lang": "en",
        "name": "Photography",
        "slug": "photography",
        "common": 1
    }
}, {
    "model": "portfolio.page",
    "pk": 3,
    "fields": {
        "lang": "en",
        "name": "Home",
        "slug": "home",
        "common": 3
    }
}, {
    "model": "portfolio.page",
    "pk": 4,
    "fields": {
        "lang": "en",
        "name": "Privacy",
        "slug": "privacy",
        "common": 5
    }
}, {
    "model": "portfolio.page",
    "pk": 5,
    "fields": {
        "lang": "en",
        "name": "Imprint",
        "slug": "imprint",
        "common": 6
    }
}, {
    "model": "portfolio.page",
    "pk": 6,
    "fields": {
        "lang": "en",
        "name": "Contact",
        "slug": "contact",
        "common": 7
    }
}, {
    "model": "portfolio.sectiontype",
    "pk": 1,
    "fields": {
        "name": "Welcome",
        "template_name": "portfolio/section_welcome.html",
        "default_position": 1
    }
}, {
    "model": "portfolio.sectiontype",
    "pk": 2,
    "fields": {
        "name": "Collection",
        "template_name": "portfolio/section_collection.html",
        "default_position": 1
    }
}, {
    "model": "portfolio.sectiontype",
    "pk": 3,
    "fields": {
        "name": "About",
        "template_name": "portfolio/section_about.html",
        "default_position": 1
    }
}, {
    "model": "portfolio.sectiontype",
    "pk": 4,
    "fields": {
        "name": "Spotlight",
        "template_name": "portfolio/section_spotlight.html",
        "default_position": 1
    }
}, {
    "model": "portfolio.sectiontype",
    "pk": 5,
    "fields": {
        "name": "Contact",
        "template_name": "portfolio/section_contact.html",
        "default_position": 4
    }
}, {
    "model": "portfolio.sectiontype",
    "pk": 6,
    "fields": {
        "name": "HTML",
        "template_name": "portfolio/section_html.html",
        "default_position": 7
    }
}, {
    "model": "portfolio.sectioncommon",
    "pk": 1,
    "fields": {
        "friendly_name": "welcome_section",
        "section_type": 1,
        "position": 0,
        "page": 3
    }
}, {
    "model": "portfolio.sectioncommon",
    "pk": 2,
    "fields": {
        "friendly_name": "projects_section",
        "section_type": 2,
        "position": 2,
        "page": 3
    }
}, {
    "model": "portfolio.sectioncommon",
    "pk": 3,
    "fields": {
        "friendly_name": "contact_section",
        "section_type": 5,
        "position": 4,
        "page": 3
    }
}, {
    "model": "portfolio.sectioncommon",
    "pk": 4,
    "fields": {
        "friendly_name": "spotlight_section",
        "section_type": 4,
        "position": 1,
        "page": 3
    }
}, {
    "model": "portfolio.sectioncommon",
    "pk": 5,
    "fields": {
        "friendly_name": "photo_section",
        "section_type": 2,
        "position": 3,
        "page": 3
    }
}, {
    "model": "portfolio.sectioncommon",
    "pk": 6,
    "fields": {
        "friendly_name": "photography_collection_section",
        "section_type": 2,
        "position": 0,
        "page": 1
    }
}, {
    "model": "portfolio.sectioncommon",
    "pk": 7,
    "fields": {
        "friendly_name": "privacy_section",
        "section_type": 6,
        "position": 0,
        "page": 5
    }
}, {
    "model": "portfolio.sectioncommon",
    "pk": 8,
    "fields": {
        "friendly_name": "impressum_section",
        "section_type": 6,
        "position": 0,
        "page": 6
    }
}, {
    "model": "portfolio.section",
    "pk": 1,
    "fields": {
        "lang": "en",
        "name": "Welcome",
        "slug": "welcome",
        "detail_slug": "project",
        "description": "Hi my name is Fabi andI'm a Software Engineering Student",
        "common": 1
    }
}, {
    "model": "portfolio.section",
    "pk": 2,
    "fields": {
        "lang": "en",
        "name": "Projects",
        "slug": "projects",
        "detail_slug": "project",
        "description": "This is a selection of projects I've worked on",
        "common": 2
    }
}, {
    "model": "portfolio.section",
    "pk": 3,
    "fields": {
        "lang": "en",
        "name": "Photography",
        "slug": "photography",
        "detail_slug": "photo",
        "description": "This is a selection of photos I've taken",
        "common": 5
    }
}, {
    "model": "portfolio.section",
    "pk": 4,
    "fields": {
        "lang": "en",
        "name": "Spotlight",
        "slug": "spotlight",
        "detail_slug": "project",
        "description": "Highlighted projects",
        "common": 4
    }
}, {
    "model": "portfolio.section",
    "pk": 5,
    "fields": {
        "lang": "en",
        "name": "Contact",
        "slug": "contact",
        "detail_slug": "project",
        "description": "",
        "common": 3
    }
}, {
    "model": "portfolio.section",
    "pk": 6,
    "fields": {
        "lang": "de",
        "name": "Willkommen",
        "slug": "willkommen",
        "detail_slug": "project",
        "description": "Hallo, ich bin Fabi und ich studiere Software Engineering",
        "common": 1
    }
}, {
    "model": "portfolio.section",
    "pk": 7,
    "fields": {
        "lang": "en",
        "name": "Privacy",
        "slug": "privacy",
        "detail_slug": null,
        "description": "<h1>Privacy Policy</h1>\r\n\r\n<p>Last updated: July 10, 2020</p>\r\n\r\n<p>This Privacy Policy describes Our policies and procedures on the collection, use and disclosure of Your information when You use the Service and tells You about Your privacy rights and how the law protects You.</p>\r\n\r\n<p>We use Your Personal data to provide and improve the Service. By using the Service, You agree to the collection and use of information in accordance with this Privacy Policy. This Privacy Policy is maintained by the <a href=\"https://www.freeprivacypolicy.com/free-privacy-policy-generator/\">Free Privacy Policy Generator</a>.</p>\r\n\r\n<h1>Interpretation and Definitions</h1>\r\n<h2>Interpretation</h2>\r\n<p>The words of which the initial letter is capitalized have meanings defined under the following conditions.</p>\r\n<p>The following definitions shall have the same meaning regardless of whether they appear in singular or in plural.</p>\r\n\r\n<h2>Definitions</h2>\r\n<p>For the purposes of this Privacy Policy:</p>\r\n<ul>\r\n    <li>\r\n        <p><strong>You</strong> means the individual accessing or using the Service, or the company, or other legal entity on behalf of which such individual is accessing or using the Service, as applicable.</p>\r\n          </li>\r\n    <li>\r\n        <p><strong>Company</strong> (referred to as either \"the Company\", \"We\", \"Us\" or \"Our\" in this Agreement) refers to Fabians Site.</p>\r\n          </li>\r\n      <li><strong>Affiliate</strong> means an entity that controls, is controlled by or is under common control with a party, where \"control\" means ownership of 50% or more of the shares, equity interest or other securities entitled to vote for election of directors or other managing authority.</li>\r\n    <li><strong>Account</strong> means a unique account created for You to access our Service or parts of our Service.</li>\r\n  <li><strong>Website</strong> refers to Fabians Site, accessible from https://fabianvolkers.com</li>        <li><strong>Service</strong> refers to the Website.</li>\r\n      <li><strong>Country</strong> refers to: Berlin, Germany</li>\r\n    <li>\r\n        <p><strong>Service Provider</strong> means any natural or legal person who processes the data on behalf of the Company. It refers to third-party companies or individuals employed by the Company to facilitate the Service, to provide the Service on behalf of the Company, to perform services related to the Service or to assist the Company in analyzing how the Service is used.</p>\r\n          </li>\r\n    <li><strong>Third-party Social Media Service</strong> refers to any website or any social network website through which a User can log in or create an account to use the Service.</li>\r\n      <li>\r\n        <p><strong>Personal Data</strong> is any information that relates to an identified or identifiable individual.</p>\r\n                </li>\r\n  <li><strong>Cookies</strong> are small files that are placed on Your computer, mobile device or any other device by a website, containing the details of Your browsing history on that website among its many uses.</li>  <li><strong>Device</strong> means any device that can access the Service such as a computer, a cellphone or a digital tablet.</li>\r\n    <li><strong>Usage Data</strong> refers to data collected automatically, either generated by the use of the Service or from the Service infrastructure itself (for example, the duration of a page visit).</li>\r\n      </ul>\r\n\r\n<h1>Collecting and Using Your Personal Data</h1>\r\n<h2>Types of Data Collected</h2>\r\n\r\n<h3>Personal Data</h3>\r\n<p>While using Our Service, We may ask You to provide Us with certain personally identifiable information that can be used to contact or identify You. Personally identifiable information may include, but is not limited to:</p>\r\n<ul>\r\n  <li>Email address</li>            <li>Usage Data</li>\r\n</ul>\r\n\r\n\r\n<h3>Usage Data</h3>\r\n<p>Usage Data is collected automatically when using the Service.</p>\r\n<p>Usage Data may include information such as Your Device's Internet Protocol address (e.g. IP address), browser type, browser version, the pages of our Service that You visit, the time and date of Your visit, the time spent on those pages, unique device identifiers and other diagnostic data.</p>\r\n<p>When You access the Service by or through a mobile device, We may collect certain information automatically, including, but not limited to, the type of mobile device You use, Your mobile device unique ID, the IP address of Your mobile device, Your mobile operating system, the type of mobile Internet browser You use, unique device identifiers and other diagnostic data.</p>\r\n<p>We may also collect information that Your browser sends whenever You visit our Service or when You access the Service by or through a mobile device.</p>\r\n\r\n\r\n\r\n    <h3>Tracking Technologies and Cookies</h3>\r\n    <p>We use Cookies and similar tracking technologies to track the activity on Our Service and store certain information. Tracking technologies used are beacons, tags, and scripts to collect and track information and to improve and analyze Our Service.</p>\r\n    <p>You can instruct Your browser to refuse all Cookies or to indicate when a Cookie is being sent. However, if You do not accept Cookies, You may not be able to use some parts of our Service.</p>\r\n    <p>Cookies can be \"Persistent\" or \"Session\" Cookies. Persistent Cookies remain on your personal computer or mobile device when You go offline, while Session Cookies are deleted as soon as You close your web browser. Learn more about cookies here: <a href=\"https://www.freeprivacypolicy.com/blog/cookies/\">Cookies: What Do They Do?</a></p>\r\n    <p>We use both session and persistent Cookies for the purposes set out below:</p>\r\n    <ul>\r\n        <li>\r\n            <p><strong>Necessary / Essential Cookies</strong>\r\n            <p>Type: Session Cookies</p>\r\n            <p>Administered by: Us</p>\r\n            <p>Purpose: These Cookies are essential to provide You with services available through the Website and to enable You to use some of its features. They help to authenticate users and prevent fraudulent use of user accounts. Without these Cookies, the services that You have asked for cannot be provided, and We only use these Cookies to provide You with those services.</p>\r\n        </li>\r\n        <li>\r\n            <p><strong>Cookies Policy / Notice Acceptance Cookies</strong></p>\r\n            <p>Type: Persistent Cookies</p>\r\n            <p>Administered by: Us</p>\r\n            <p>Purpose: These Cookies identify if users have accepted the use of cookies on the Website.</p>\r\n        </li>\r\n        <li>\r\n            <p><strong>Functionality Cookies</strong></p>\r\n            <p>Type: Persistent Cookies</p>\r\n            <p>Administered by: Us</p>\r\n            <p>Purpose: These Cookies allow us to remember choices You make when You use the Website, such as remembering your login details or language preference. The purpose of these Cookies is to provide You with a more personal experience and to avoid You having to re-enter your preferences every time You use the Website.</p>\r\n        </li>\r\n                </ul>\r\n    <p>For more information about the cookies we use and your choices regarding cookies, please visit our Cookies Policy.</p>\r\n\r\n<h2>Use of Your Personal Data</h2>\r\n<p>The Company may use Personal Data for the following purposes:</p>\r\n<ul>\r\n    <li><strong>To provide and maintain our Service</strong>, including to monitor the usage of our Service.</li>\r\n    <li><strong>To manage Your Account:</strong> to manage Your registration as a user of the Service. The Personal Data You provide can give You access to different functionalities of the Service that are available to You as a registered user.</li>\r\n    <li><strong>For the performance of a contract:</strong> the development, compliance and undertaking of the purchase contract for the products, items or services You have purchased or of any other contract with Us through the Service.</li>\r\n    <li><strong>To contact You:</strong> To contact You by email, telephone calls, SMS, or other equivalent forms of electronic communication, such as a mobile application's push notifications regarding updates or informative communications related to the functionalities, products or contracted services, including the security updates, when necessary or reasonable for their implementation.</li>\r\n    <li><strong>To provide You</strong> with news, special offers and general information about other goods, services and events which we offer that are similar to those that you have already purchased or enquired about unless You have opted not to receive such information.</li>\r\n    <li><strong>To manage Your requests:</strong> To attend and manage Your requests to Us.</li>\r\n</ul>\r\n\r\n<p>We may share your personal information in the following situations:</p>\r\n\r\n<ul>\r\n    <li><strong>With Service Providers:</strong> We may share Your personal information with Service Providers to monitor and analyze the use of our Service,  to contact You.</li>\r\n    <li><strong>For Business transfers:</strong> We may share or transfer Your personal information in connection with, or during negotiations of, any merger, sale of Company assets, financing, or acquisition of all or a portion of our business to another company.</li>\r\n    <li><strong>With Affiliates:</strong> We may share Your information with Our affiliates, in which case we will require those affiliates to honor this Privacy Policy. Affiliates include Our parent company and any other subsidiaries, joint venture partners or other companies that We control or that are under common control with Us.</li>\r\n    <li><strong>With Business partners:</strong> We may share Your information with Our business partners to offer You certain products, services or promotions.</li>\r\n    <li><strong>With other users:</strong> when You share personal information or otherwise interact in the public areas with other users, such information may be viewed by all users and may be publicly distributed outside. If You interact with other users or register through a Third-Party Social Media Service, Your contacts on the Third-Party Social Media Service may see You name, profile, pictures and description of Your activity. Similarly, other users will be able to view descriptions of Your activity, communicate with You and view Your profile.</li>\r\n</ul>\r\n\r\n<h2>Retention of Your Personal Data</h2>\r\n<p>The Company will retain Your Personal Data only for as long as is necessary for the purposes set out in this Privacy Policy. We will retain and use Your Personal Data to the extent necessary to comply with our legal obligations (for example, if we are required to retain your data to comply with applicable laws), resolve disputes, and enforce our legal agreements and policies.</p>\r\n<p>The Company will also retain Usage Data for internal analysis purposes. Usage Data is generally retained for a shorter period of time, except when this data is used to strengthen the security or to improve the functionality of Our Service, or We are legally obligated to retain this data for longer time periods.</p>\r\n\r\n<h2>Transfer of Your Personal Data</h2>\r\n<p>Your information, including Personal Data, is processed at the Company's operating offices and in any other places where the parties involved in the processing are located. It means that this information may be transferred to \u2014 and maintained on \u2014 computers located outside of Your state, province, country or other governmental jurisdiction where the data protection laws may differ than those from Your jurisdiction.</p>\r\n<p>Your consent to this Privacy Policy followed by Your submission of such information represents Your agreement to that transfer.</p>\r\n<p>The Company will take all steps reasonably necessary to ensure that Your data is treated securely and in accordance with this Privacy Policy and no transfer of Your Personal Data will take place to an organization or a country unless there are adequate controls in place including the security of Your data and other personal information.</p>\r\n\r\n<h2>Disclosure of Your Personal Data</h2>\r\n<h3>Business Transactions</h3>\r\n<p>If the Company is involved in a merger, acquisition or asset sale, Your Personal Data may be transferred. We will provide notice before Your Personal Data is transferred and becomes subject to a different Privacy Policy.</p>\r\n<h3>Law enforcement</h3>\r\n<p>Under certain circumstances, the Company may be required to disclose Your Personal Data if required to do so by law or in response to valid requests by public authorities (e.g. a court or a government agency).</p>\r\n<h3>Other legal requirements</h3>\r\n<p>The Company may disclose Your Personal Data in the good faith belief that such action is necessary to:</p>\r\n<ul>\r\n    <li>Comply with a legal obligation</li>\r\n    <li>Protect and defend the rights or property of the Company</li>\r\n    <li>Prevent or investigate possible wrongdoing in connection with the Service</li>\r\n    <li>Protect the personal safety of Users of the Service or the public</li>\r\n    <li>Protect against legal liability</li>\r\n</ul>\r\n\r\n<h2>Security of Your Personal Data</h2>\r\n<p>The security of Your Personal Data is important to Us, but remember that no method of transmission over the Internet, or method of electronic storage is 100% secure. While We strive to use commercially acceptable means to protect Your Personal Data, We cannot guarantee its absolute security.</p>\r\n\r\n\r\n\r\n\r\n\r\n\r\n    <h1>Children's Privacy</h1>\r\n    <p>Our Service does not address anyone under the age of 13. We do not knowingly collect personally identifiable information from anyone under the age of 13. If You are a parent or guardian and You are aware that Your child has provided Us with Personal Data, please contact Us. If We become aware that We have collected Personal Data from anyone under the age of 13 without verification of parental consent, We take steps to remove that information from Our servers.</p>\r\n    <p>If We need to rely on consent as a legal basis for processing Your information and Your country requires consent from a parent, We may require Your parent's consent before We collect and use that information.</p>\r\n\r\n\r\n\r\n<h1>Links to Other Websites</h1>\r\n<p>Our Service may contain links to other websites that are not operated by Us. If You click on a third party link, You will be directed to that third party's site. We strongly advise You to review the Privacy Policy of every site You visit.</p>\r\n<p>We have no control over and assume no responsibility for the content, privacy policies or practices of any third party sites or services.</p>\r\n\r\n<h1>Changes to this Privacy Policy</h1>\r\n<p>We may update our Privacy Policy from time to time. We will notify You of any changes by posting the new Privacy Policy on this page.</p>\r\n<p>We will let You know via email and/or a prominent notice on Our Service, prior to the change becoming effective and update the \"Last updated\" date at the top of this Privacy Policy.</p>\r\n<p>You are advised to review this Privacy Policy periodically for any changes. Changes to this Privacy Policy are effective when they are posted on this page.</p>\r\n\r\n<h1>Contact Us</h1>\r\n<p>If you have any questions about this Privacy Policy, You can contact us:</p>\r\n<ul>\r\n        <li>By email: privacy@fabianvolkers.com</li>\r\n          <li>By visiting this page on our website: https://fabianvolkers.com/privacy</li>\r\n      </ul>",
        "common": 7
    }
}, {
    "model": "portfolio.section",
    "pk": 8,
    "fields": {
        "lang": "en",
        "name": "Imprint",
        "slug": "imprint",
        "detail_slug": null,
        "description": "<h1>Imprint</h>",
        "common": 8
    }
}, {
    "model": "portfolio.linkedit",
    "pk": 1,
    "fields": {}
}, {
    "model": "portfolio.sociallink",
    "pk": 1,
    "fields": {
        "name": "GitHub",
        "url": "/",
        "view": "portfolio:detail",
        "link_for": "external",
        "section": null,
        "page": null,
        "external": "https://github.com/FabianVolkers",
        "icon": 1,
        "link_edit": 1,
        "position": "deg270"
    }
}, {
    "model": "portfolio.sociallink",
    "pk": 2,
    "fields": {
        "name": "Blog",
        "url": "/",
        "view": "portfolio:detail",
        "link_for": "external",
        "section": null,
        "page": null,
        "external": "https://blog.fabianvolkers.com",
        "icon": 3,
        "link_edit": 1,
        "position": "deg90"
    }
}, {
    "model": "portfolio.sociallink",
    "pk": 3,
    "fields": {
        "name": "LinkedIn",
        "url": "/",
        "view": "portfolio:detail",
        "link_for": "external",
        "section": null,
        "page": null,
        "external": "https://www.linkedin.com/in/fabianvolkers/",
        "icon": 2,
        "link_edit": 1,
        "position": "deg180"
    }
}, {
    "model": "portfolio.navlink",
    "pk": 1,
    "fields": {
        "name": "Spotlight",
        "url": "/#spotlight",
        "view": "portfolio:page",
        "position": "navbar-0",
        "link_for": "section",
        "section": 4,
        "page": 3,
        "external": null,
        "link_edit": 1
    }
}, {
    "model": "portfolio.navlink",
    "pk": 2,
    "fields": {
        "name": "Projects",
        "url": "/projects",
        "view": "portfolio:collection",
        "position": "navbar-1",
        "link_for": "page",
        "section": null,
        "page": 2,
        "external": null,
        "link_edit": 1
    }
}, {
    "model": "portfolio.navlink",
    "pk": 3,
    "fields": {
        "name": "Photography",
        "url": "/photography",
        "view": "portfolio:collection",
        "position": "navbar-3",
        "link_for": "page",
        "section": null,
        "page": 1,
        "external": null,
        "link_edit": 1
    }
}, {
    "model": "portfolio.collectionitemcommon",
    "pk": 1,
    "fields": {
        "friendly_name": "demo_project",
        "image": "images/7a5_ulkHW6f.jpg",
        "created": "2020-07-06T20:47:50Z",
        "spotlight": true,
        "parent_section": 2,
        "detail_view": "portfolio:detail"
    }
}, {
    "model": "portfolio.collectionitemcommon",
    "pk": 2,
    "fields": {
        "friendly_name": "demo_photo",
        "image": "images/kayak.jpeg",
        "created": "2020-07-08T20:03:58Z",
        "spotlight": false,
        "parent_section": 5,
        "detail_view": "portfolio:detail"
    }
}, {
    "model": "portfolio.collectionitem",
    "pk": 2,
    "fields": {
        "lang": "en",
        "name": "Demo Project",
        "slug": "demo-project",
        "description": "Very <b>cool</b> project",
        "common": 1,
        "image_alttext": "Image of <django.db.models.fields.CharField>"
    }
}, {
    "model": "portfolio.collectionitem",
    "pk": 3,
    "fields": {
        "lang": "nl",
        "name": "Demo Project",
        "slug": "demo-project",
        "description": "Dit is een demo project",
        "common": 1,
        "image_alttext": "Foto van een demo project"
    }
}, {
    "model": "portfolio.collectionitem",
    "pk": 4,
    "fields": {
        "lang": "en",
        "name": "Nice Photo",
        "slug": "nice-photo",
        "description": "This is a very nice photo",
        "common": 2,
        "image_alttext": "photo of lake with kayak on it"
    }
}, {
    "model": "portfolio.contactresponseaction",
    "pk": 1,
    "fields": {
        "name": "Return to Home",
        "page": 3,
        "method": "GET",
        "argument": null
    }
}, {
    "model": "portfolio.contactresponseaction",
    "pk": 2,
    "fields": {
        "name": "Resend Confirmation Emai",
        "page": 7,
        "method": "POST",
        "argument": "send-confirmation-email"
    }
}, {
    "model": "portfolio.contactresponsecommon",
    "pk": 1,
    "fields": {
        "friendly_name": "confirm_email",
        "action": 1
    }
}, {
    "model": "portfolio.contactresponsecommon",
    "pk": 2,
    "fields": {
        "friendly_name": "thank_you",
        "action": 1
    }
}, {
    "model": "portfolio.contactresponsecommon",
    "pk": 3,
    "fields": {
        "friendly_name": "email_confirmed",
        "action": 1
    }
}, {
    "model": "portfolio.contactresponsecommon",
    "pk": 4,
    "fields": {
        "friendly_name": "sent_confirmation_email",
        "action": null
    }
}, {
    "model": "portfolio.contactresponsecommon",
    "pk": 5,
    "fields": {
        "friendly_name": "unconfirmed_email",
        "action": 2
    }
}, {
    "model": "portfolio.contactresponse",
    "pk": 1,
    "fields": {
        "lang": "en",
        "name": "Thank You",
        "slug": "thanks",
        "message": "Thank you for your message. I will get back to you as soon as possible.",
        "common": 2
    }
}, {
    "model": "portfolio.contactresponse",
    "pk": 2,
    "fields": {
        "lang": "en",
        "name": "Confirm your Email",
        "slug": "confirm-email",
        "message": "Thank you for your interest. In order to avoid spam I would kindly ask you to confirm your email address. Only messages with confirmed email addresses will be delivered to my inbox.",
        "common": 1
    }
}, {
    "model": "portfolio.contactresponse",
    "pk": 3,
    "fields": {
        "lang": "en",
        "name": "Email Confirmed",
        "slug": "confirmed",
        "message": "Thank you for confirming your email address. Your message has been delivered to my inbox.",
        "common": 3
    }
}, {
    "model": "portfolio.contactresponse",
    "pk": 4,
    "fields": {
        "lang": "en",
        "name": "Confirmation Email Sent",
        "slug": "sent-confirmation-email",
        "message": "A confirmation email has been sent to the email address provided. Please click the link in the email to confirm your email address.",
        "common": 4
    }
}, {
    "model": "portfolio.contactresponse",
    "pk": 5,
    "fields": {
        "lang": "en",
        "name": "Unconfirmed Email",
        "slug": "unconfirmed",
        "message": "Please confirm your email address.",
        "common": 5
    }
}, {
    "model": "auth.permission",
    "pk": 1,
    "fields": {
        "name": "Can add log entry",
        "content_type": 1,
        "codename": "add_logentry"
    }
}, {
    "model": "auth.permission",
    "pk": 2,
    "fields": {
        "name": "Can change log entry",
        "content_type": 1,
        "codename": "change_logentry"
    }
}, {
    "model": "auth.permission",
    "pk": 3,
    "fields": {
        "name": "Can delete log entry",
        "content_type": 1,
        "codename": "delete_logentry"
    }
}, {
    "model": "auth.permission",
    "pk": 4,
    "fields": {
        "name": "Can view log entry",
        "content_type": 1,
        "codename": "view_logentry"
    }
}, {
    "model": "auth.permission",
    "pk": 5,
    "fields": {
        "name": "Can add permission",
        "content_type": 2,
        "codename": "add_permission"
    }
}, {
    "model": "auth.permission",
    "pk": 6,
    "fields": {
        "name": "Can change permission",
        "content_type": 2,
        "codename": "change_permission"
    }
}, {
    "model": "auth.permission",
    "pk": 7,
    "fields": {
        "name": "Can delete permission",
        "content_type": 2,
        "codename": "delete_permission"
    }
}, {
    "model": "auth.permission",
    "pk": 8,
    "fields": {
        "name": "Can view permission",
        "content_type": 2,
        "codename": "view_permission"
    }
}, {
    "model": "auth.permission",
    "pk": 9,
    "fields": {
        "name": "Can add group",
        "content_type": 3,
        "codename": "add_group"
    }
}, {
    "model": "auth.permission",
    "pk": 10,
    "fields": {
        "name": "Can change group",
        "content_type": 3,
        "codename": "change_group"
    }
}, {
    "model": "auth.permission",
    "pk": 11,
    "fields": {
        "name": "Can delete group",
        "content_type": 3,
        "codename": "delete_group"
    }
}, {
    "model": "auth.permission",
    "pk": 12,
    "fields": {
        "name": "Can view group",
        "content_type": 3,
        "codename": "view_group"
    }
}, {
    "model": "auth.permission",
    "pk": 13,
    "fields": {
        "name": "Can add user",
        "content_type": 4,
        "codename": "add_user"
    }
}, {
    "model": "auth.permission",
    "pk": 14,
    "fields": {
        "name": "Can change user",
        "content_type": 4,
        "codename": "change_user"
    }
}, {
    "model": "auth.permission",
    "pk": 15,
    "fields": {
        "name": "Can delete user",
        "content_type": 4,
        "codename": "delete_user"
    }
}, {
    "model": "auth.permission",
    "pk": 16,
    "fields": {
        "name": "Can view user",
        "content_type": 4,
        "codename": "view_user"
    }
}, {
    "model": "auth.permission",
    "pk": 17,
    "fields": {
        "name": "Can add content type",
        "content_type": 5,
        "codename": "add_contenttype"
    }
}, {
    "model": "auth.permission",
    "pk": 18,
    "fields": {
        "name": "Can change content type",
        "content_type": 5,
        "codename": "change_contenttype"
    }
}, {
    "model": "auth.permission",
    "pk": 19,
    "fields": {
        "name": "Can delete content type",
        "content_type": 5,
        "codename": "delete_contenttype"
    }
}, {
    "model": "auth.permission",
    "pk": 20,
    "fields": {
        "name": "Can view content type",
        "content_type": 5,
        "codename": "view_contenttype"
    }
}, {
    "model": "auth.permission",
    "pk": 21,
    "fields": {
        "name": "Can add session",
        "content_type": 6,
        "codename": "add_session"
    }
}, {
    "model": "auth.permission",
    "pk": 22,
    "fields": {
        "name": "Can change session",
        "content_type": 6,
        "codename": "change_session"
    }
}, {
    "model": "auth.permission",
    "pk": 23,
    "fields": {
        "name": "Can delete session",
        "content_type": 6,
        "codename": "delete_session"
    }
}, {
    "model": "auth.permission",
    "pk": 24,
    "fields": {
        "name": "Can view session",
        "content_type": 6,
        "codename": "view_session"
    }
}, {
    "model": "auth.permission",
    "pk": 25,
    "fields": {
        "name": "Can add project",
        "content_type": 7,
        "codename": "add_project"
    }
}, {
    "model": "auth.permission",
    "pk": 26,
    "fields": {
        "name": "Can change project",
        "content_type": 7,
        "codename": "change_project"
    }
}, {
    "model": "auth.permission",
    "pk": 27,
    "fields": {
        "name": "Can delete project",
        "content_type": 7,
        "codename": "delete_project"
    }
}, {
    "model": "auth.permission",
    "pk": 28,
    "fields": {
        "name": "Can view project",
        "content_type": 7,
        "codename": "view_project"
    }
}, {
    "model": "auth.permission",
    "pk": 29,
    "fields": {
        "name": "Can add photo",
        "content_type": 8,
        "codename": "add_photo"
    }
}, {
    "model": "auth.permission",
    "pk": 30,
    "fields": {
        "name": "Can change photo",
        "content_type": 8,
        "codename": "change_photo"
    }
}, {
    "model": "auth.permission",
    "pk": 31,
    "fields": {
        "name": "Can delete photo",
        "content_type": 8,
        "codename": "delete_photo"
    }
}, {
    "model": "auth.permission",
    "pk": 32,
    "fields": {
        "name": "Can view photo",
        "content_type": 8,
        "codename": "view_photo"
    }
}, {
    "model": "auth.permission",
    "pk": 33,
    "fields": {
        "name": "Can add collection",
        "content_type": 9,
        "codename": "add_collection"
    }
}, {
    "model": "auth.permission",
    "pk": 34,
    "fields": {
        "name": "Can change collection",
        "content_type": 9,
        "codename": "change_collection"
    }
}, {
    "model": "auth.permission",
    "pk": 35,
    "fields": {
        "name": "Can delete collection",
        "content_type": 9,
        "codename": "delete_collection"
    }
}, {
    "model": "auth.permission",
    "pk": 36,
    "fields": {
        "name": "Can view collection",
        "content_type": 9,
        "codename": "view_collection"
    }
}, {
    "model": "auth.permission",
    "pk": 37,
    "fields": {
        "name": "Can add message",
        "content_type": 10,
        "codename": "add_message"
    }
}, {
    "model": "auth.permission",
    "pk": 38,
    "fields": {
        "name": "Can change message",
        "content_type": 10,
        "codename": "change_message"
    }
}, {
    "model": "auth.permission",
    "pk": 39,
    "fields": {
        "name": "Can delete message",
        "content_type": 10,
        "codename": "delete_message"
    }
}, {
    "model": "auth.permission",
    "pk": 40,
    "fields": {
        "name": "Can view message",
        "content_type": 10,
        "codename": "view_message"
    }
}, {
    "model": "auth.permission",
    "pk": 41,
    "fields": {
        "name": "Can add contact",
        "content_type": 11,
        "codename": "add_contact"
    }
}, {
    "model": "auth.permission",
    "pk": 42,
    "fields": {
        "name": "Can change contact",
        "content_type": 11,
        "codename": "change_contact"
    }
}, {
    "model": "auth.permission",
    "pk": 43,
    "fields": {
        "name": "Can delete contact",
        "content_type": 11,
        "codename": "delete_contact"
    }
}, {
    "model": "auth.permission",
    "pk": 44,
    "fields": {
        "name": "Can view contact",
        "content_type": 11,
        "codename": "view_contact"
    }
}, {
    "model": "auth.permission",
    "pk": 45,
    "fields": {
        "name": "Can add base entry",
        "content_type": 12,
        "codename": "add_baseentry"
    }
}, {
    "model": "auth.permission",
    "pk": 46,
    "fields": {
        "name": "Can change base entry",
        "content_type": 12,
        "codename": "change_baseentry"
    }
}, {
    "model": "auth.permission",
    "pk": 47,
    "fields": {
        "name": "Can delete base entry",
        "content_type": 12,
        "codename": "delete_baseentry"
    }
}, {
    "model": "auth.permission",
    "pk": 48,
    "fields": {
        "name": "Can view base entry",
        "content_type": 12,
        "codename": "view_baseentry"
    }
}, {
    "model": "auth.permission",
    "pk": 49,
    "fields": {
        "name": "Can add category",
        "content_type": 13,
        "codename": "add_category"
    }
}, {
    "model": "auth.permission",
    "pk": 50,
    "fields": {
        "name": "Can change category",
        "content_type": 13,
        "codename": "change_category"
    }
}, {
    "model": "auth.permission",
    "pk": 51,
    "fields": {
        "name": "Can delete category",
        "content_type": 13,
        "codename": "delete_category"
    }
}, {
    "model": "auth.permission",
    "pk": 52,
    "fields": {
        "name": "Can view category",
        "content_type": 13,
        "codename": "view_category"
    }
}, {
    "model": "auth.permission",
    "pk": 53,
    "fields": {
        "name": "Can add section",
        "content_type": 14,
        "codename": "add_section"
    }
}, {
    "model": "auth.permission",
    "pk": 54,
    "fields": {
        "name": "Can change section",
        "content_type": 14,
        "codename": "change_section"
    }
}, {
    "model": "auth.permission",
    "pk": 55,
    "fields": {
        "name": "Can delete section",
        "content_type": 14,
        "codename": "delete_section"
    }
}, {
    "model": "auth.permission",
    "pk": 56,
    "fields": {
        "name": "Can view section",
        "content_type": 14,
        "codename": "view_section"
    }
}, {
    "model": "auth.permission",
    "pk": 57,
    "fields": {
        "name": "Can add section type",
        "content_type": 15,
        "codename": "add_sectiontype"
    }
}, {
    "model": "auth.permission",
    "pk": 58,
    "fields": {
        "name": "Can change section type",
        "content_type": 15,
        "codename": "change_sectiontype"
    }
}, {
    "model": "auth.permission",
    "pk": 59,
    "fields": {
        "name": "Can delete section type",
        "content_type": 15,
        "codename": "delete_sectiontype"
    }
}, {
    "model": "auth.permission",
    "pk": 60,
    "fields": {
        "name": "Can view section type",
        "content_type": 15,
        "codename": "view_sectiontype"
    }
}, {
    "model": "auth.permission",
    "pk": 61,
    "fields": {
        "name": "Can add link",
        "content_type": 16,
        "codename": "add_link"
    }
}, {
    "model": "auth.permission",
    "pk": 62,
    "fields": {
        "name": "Can change link",
        "content_type": 16,
        "codename": "change_link"
    }
}, {
    "model": "auth.permission",
    "pk": 63,
    "fields": {
        "name": "Can delete link",
        "content_type": 16,
        "codename": "delete_link"
    }
}, {
    "model": "auth.permission",
    "pk": 64,
    "fields": {
        "name": "Can view link",
        "content_type": 16,
        "codename": "view_link"
    }
}, {
    "model": "auth.permission",
    "pk": 65,
    "fields": {
        "name": "Can add footer link",
        "content_type": 17,
        "codename": "add_footerlink"
    }
}, {
    "model": "auth.permission",
    "pk": 66,
    "fields": {
        "name": "Can change footer link",
        "content_type": 17,
        "codename": "change_footerlink"
    }
}, {
    "model": "auth.permission",
    "pk": 67,
    "fields": {
        "name": "Can delete footer link",
        "content_type": 17,
        "codename": "delete_footerlink"
    }
}, {
    "model": "auth.permission",
    "pk": 68,
    "fields": {
        "name": "Can view footer link",
        "content_type": 17,
        "codename": "view_footerlink"
    }
}, {
    "model": "auth.permission",
    "pk": 69,
    "fields": {
        "name": "Can add nav link",
        "content_type": 18,
        "codename": "add_navlink"
    }
}, {
    "model": "auth.permission",
    "pk": 70,
    "fields": {
        "name": "Can change nav link",
        "content_type": 18,
        "codename": "change_navlink"
    }
}, {
    "model": "auth.permission",
    "pk": 71,
    "fields": {
        "name": "Can delete nav link",
        "content_type": 18,
        "codename": "delete_navlink"
    }
}, {
    "model": "auth.permission",
    "pk": 72,
    "fields": {
        "name": "Can view nav link",
        "content_type": 18,
        "codename": "view_navlink"
    }
}, {
    "model": "auth.permission",
    "pk": 73,
    "fields": {
        "name": "Can add setting",
        "content_type": 19,
        "codename": "add_setting"
    }
}, {
    "model": "auth.permission",
    "pk": 74,
    "fields": {
        "name": "Can change setting",
        "content_type": 19,
        "codename": "change_setting"
    }
}, {
    "model": "auth.permission",
    "pk": 75,
    "fields": {
        "name": "Can delete setting",
        "content_type": 19,
        "codename": "delete_setting"
    }
}, {
    "model": "auth.permission",
    "pk": 76,
    "fields": {
        "name": "Can view setting",
        "content_type": 19,
        "codename": "view_setting"
    }
}, {
    "model": "auth.permission",
    "pk": 77,
    "fields": {
        "name": "Can add icon",
        "content_type": 20,
        "codename": "add_icon"
    }
}, {
    "model": "auth.permission",
    "pk": 78,
    "fields": {
        "name": "Can change icon",
        "content_type": 20,
        "codename": "change_icon"
    }
}, {
    "model": "auth.permission",
    "pk": 79,
    "fields": {
        "name": "Can delete icon",
        "content_type": 20,
        "codename": "delete_icon"
    }
}, {
    "model": "auth.permission",
    "pk": 80,
    "fields": {
        "name": "Can view icon",
        "content_type": 20,
        "codename": "view_icon"
    }
}, {
    "model": "auth.permission",
    "pk": 81,
    "fields": {
        "name": "Can add page",
        "content_type": 21,
        "codename": "add_page"
    }
}, {
    "model": "auth.permission",
    "pk": 82,
    "fields": {
        "name": "Can change page",
        "content_type": 21,
        "codename": "change_page"
    }
}, {
    "model": "auth.permission",
    "pk": 83,
    "fields": {
        "name": "Can delete page",
        "content_type": 21,
        "codename": "delete_page"
    }
}, {
    "model": "auth.permission",
    "pk": 84,
    "fields": {
        "name": "Can view page",
        "content_type": 21,
        "codename": "view_page"
    }
}, {
    "model": "auth.permission",
    "pk": 85,
    "fields": {
        "name": "Can add translations group",
        "content_type": 22,
        "codename": "add_translationsgroup"
    }
}, {
    "model": "auth.permission",
    "pk": 86,
    "fields": {
        "name": "Can change translations group",
        "content_type": 22,
        "codename": "change_translationsgroup"
    }
}, {
    "model": "auth.permission",
    "pk": 87,
    "fields": {
        "name": "Can delete translations group",
        "content_type": 22,
        "codename": "delete_translationsgroup"
    }
}, {
    "model": "auth.permission",
    "pk": 88,
    "fields": {
        "name": "Can view translations group",
        "content_type": 22,
        "codename": "view_translationsgroup"
    }
}, {
    "model": "auth.permission",
    "pk": 89,
    "fields": {
        "name": "Can add translatable",
        "content_type": 23,
        "codename": "add_translatable"
    }
}, {
    "model": "auth.permission",
    "pk": 90,
    "fields": {
        "name": "Can change translatable",
        "content_type": 23,
        "codename": "change_translatable"
    }
}, {
    "model": "auth.permission",
    "pk": 91,
    "fields": {
        "name": "Can delete translatable",
        "content_type": 23,
        "codename": "delete_translatable"
    }
}, {
    "model": "auth.permission",
    "pk": 92,
    "fields": {
        "name": "Can view translatable",
        "content_type": 23,
        "codename": "view_translatable"
    }
}, {
    "model": "auth.permission",
    "pk": 93,
    "fields": {
        "name": "Can add section common",
        "content_type": 24,
        "codename": "add_sectioncommon"
    }
}, {
    "model": "auth.permission",
    "pk": 94,
    "fields": {
        "name": "Can change section common",
        "content_type": 24,
        "codename": "change_sectioncommon"
    }
}, {
    "model": "auth.permission",
    "pk": 95,
    "fields": {
        "name": "Can delete section common",
        "content_type": 24,
        "codename": "delete_sectioncommon"
    }
}, {
    "model": "auth.permission",
    "pk": 96,
    "fields": {
        "name": "Can view section common",
        "content_type": 24,
        "codename": "view_sectioncommon"
    }
}, {
    "model": "auth.permission",
    "pk": 97,
    "fields": {
        "name": "Can add exhibition piece common",
        "content_type": 25,
        "codename": "add_exhibitionpiececommon"
    }
}, {
    "model": "auth.permission",
    "pk": 98,
    "fields": {
        "name": "Can change exhibition piece common",
        "content_type": 25,
        "codename": "change_exhibitionpiececommon"
    }
}, {
    "model": "auth.permission",
    "pk": 99,
    "fields": {
        "name": "Can delete exhibition piece common",
        "content_type": 25,
        "codename": "delete_exhibitionpiececommon"
    }
}, {
    "model": "auth.permission",
    "pk": 100,
    "fields": {
        "name": "Can view exhibition piece common",
        "content_type": 25,
        "codename": "view_exhibitionpiececommon"
    }
}, {
    "model": "auth.permission",
    "pk": 101,
    "fields": {
        "name": "Can add exhibition piece",
        "content_type": 26,
        "codename": "add_exhibitionpiece"
    }
}, {
    "model": "auth.permission",
    "pk": 102,
    "fields": {
        "name": "Can change exhibition piece",
        "content_type": 26,
        "codename": "change_exhibitionpiece"
    }
}, {
    "model": "auth.permission",
    "pk": 103,
    "fields": {
        "name": "Can delete exhibition piece",
        "content_type": 26,
        "codename": "delete_exhibitionpiece"
    }
}, {
    "model": "auth.permission",
    "pk": 104,
    "fields": {
        "name": "Can view exhibition piece",
        "content_type": 26,
        "codename": "view_exhibitionpiece"
    }
}, {
    "model": "auth.permission",
    "pk": 105,
    "fields": {
        "name": "Can add footer edit",
        "content_type": 27,
        "codename": "add_footeredit"
    }
}, {
    "model": "auth.permission",
    "pk": 106,
    "fields": {
        "name": "Can change footer edit",
        "content_type": 27,
        "codename": "change_footeredit"
    }
}, {
    "model": "auth.permission",
    "pk": 107,
    "fields": {
        "name": "Can delete footer edit",
        "content_type": 27,
        "codename": "delete_footeredit"
    }
}, {
    "model": "auth.permission",
    "pk": 108,
    "fields": {
        "name": "Can view footer edit",
        "content_type": 27,
        "codename": "view_footeredit"
    }
}, {
    "model": "auth.permission",
    "pk": 109,
    "fields": {
        "name": "Can add nav bar edit",
        "content_type": 28,
        "codename": "add_navbaredit"
    }
}, {
    "model": "auth.permission",
    "pk": 110,
    "fields": {
        "name": "Can change nav bar edit",
        "content_type": 28,
        "codename": "change_navbaredit"
    }
}, {
    "model": "auth.permission",
    "pk": 111,
    "fields": {
        "name": "Can delete nav bar edit",
        "content_type": 28,
        "codename": "delete_navbaredit"
    }
}, {
    "model": "auth.permission",
    "pk": 112,
    "fields": {
        "name": "Can view nav bar edit",
        "content_type": 28,
        "codename": "view_navbaredit"
    }
}, {
    "model": "auth.permission",
    "pk": 113,
    "fields": {
        "name": "Can add link edit",
        "content_type": 28,
        "codename": "add_linkedit"
    }
}, {
    "model": "auth.permission",
    "pk": 114,
    "fields": {
        "name": "Can change link edit",
        "content_type": 28,
        "codename": "change_linkedit"
    }
}, {
    "model": "auth.permission",
    "pk": 115,
    "fields": {
        "name": "Can delete link edit",
        "content_type": 28,
        "codename": "delete_linkedit"
    }
}, {
    "model": "auth.permission",
    "pk": 116,
    "fields": {
        "name": "Can view link edit",
        "content_type": 28,
        "codename": "view_linkedit"
    }
}, {
    "model": "auth.permission",
    "pk": 117,
    "fields": {
        "name": "Can add page type",
        "content_type": 29,
        "codename": "add_pagetype"
    }
}, {
    "model": "auth.permission",
    "pk": 118,
    "fields": {
        "name": "Can change page type",
        "content_type": 29,
        "codename": "change_pagetype"
    }
}, {
    "model": "auth.permission",
    "pk": 119,
    "fields": {
        "name": "Can delete page type",
        "content_type": 29,
        "codename": "delete_pagetype"
    }
}, {
    "model": "auth.permission",
    "pk": 120,
    "fields": {
        "name": "Can view page type",
        "content_type": 29,
        "codename": "view_pagetype"
    }
}, {
    "model": "auth.permission",
    "pk": 121,
    "fields": {
        "name": "Can add collection item",
        "content_type": 12,
        "codename": "add_collectionitem"
    }
}, {
    "model": "auth.permission",
    "pk": 122,
    "fields": {
        "name": "Can change collection item",
        "content_type": 12,
        "codename": "change_collectionitem"
    }
}, {
    "model": "auth.permission",
    "pk": 123,
    "fields": {
        "name": "Can delete collection item",
        "content_type": 12,
        "codename": "delete_collectionitem"
    }
}, {
    "model": "auth.permission",
    "pk": 124,
    "fields": {
        "name": "Can view collection item",
        "content_type": 12,
        "codename": "view_collectionitem"
    }
}, {
    "model": "auth.permission",
    "pk": 125,
    "fields": {
        "name": "Can add collection item common",
        "content_type": 25,
        "codename": "add_collectionitemcommon"
    }
}, {
    "model": "auth.permission",
    "pk": 126,
    "fields": {
        "name": "Can change collection item common",
        "content_type": 25,
        "codename": "change_collectionitemcommon"
    }
}, {
    "model": "auth.permission",
    "pk": 127,
    "fields": {
        "name": "Can delete collection item common",
        "content_type": 25,
        "codename": "delete_collectionitemcommon"
    }
}, {
    "model": "auth.permission",
    "pk": 128,
    "fields": {
        "name": "Can view collection item common",
        "content_type": 25,
        "codename": "view_collectionitemcommon"
    }
}, {
    "model": "auth.permission",
    "pk": 129,
    "fields": {
        "name": "Can add Social Link",
        "content_type": 30,
        "codename": "add_sociallink"
    }
}, {
    "model": "auth.permission",
    "pk": 130,
    "fields": {
        "name": "Can change Social Link",
        "content_type": 30,
        "codename": "change_sociallink"
    }
}, {
    "model": "auth.permission",
    "pk": 131,
    "fields": {
        "name": "Can delete Social Link",
        "content_type": 30,
        "codename": "delete_sociallink"
    }
}, {
    "model": "auth.permission",
    "pk": 132,
    "fields": {
        "name": "Can view Social Link",
        "content_type": 30,
        "codename": "view_sociallink"
    }
}, {
    "model": "auth.permission",
    "pk": 133,
    "fields": {
        "name": "Can add Page",
        "content_type": 31,
        "codename": "add_pagecommon"
    }
}, {
    "model": "auth.permission",
    "pk": 134,
    "fields": {
        "name": "Can change Page",
        "content_type": 31,
        "codename": "change_pagecommon"
    }
}, {
    "model": "auth.permission",
    "pk": 135,
    "fields": {
        "name": "Can delete Page",
        "content_type": 31,
        "codename": "delete_pagecommon"
    }
}, {
    "model": "auth.permission",
    "pk": 136,
    "fields": {
        "name": "Can view Page",
        "content_type": 31,
        "codename": "view_pagecommon"
    }
}, {
    "model": "auth.permission",
    "pk": 137,
    "fields": {
        "name": "Can add contact response common",
        "content_type": 32,
        "codename": "add_contactresponsecommon"
    }
}, {
    "model": "auth.permission",
    "pk": 138,
    "fields": {
        "name": "Can change contact response common",
        "content_type": 32,
        "codename": "change_contactresponsecommon"
    }
}, {
    "model": "auth.permission",
    "pk": 139,
    "fields": {
        "name": "Can delete contact response common",
        "content_type": 32,
        "codename": "delete_contactresponsecommon"
    }
}, {
    "model": "auth.permission",
    "pk": 140,
    "fields": {
        "name": "Can view contact response common",
        "content_type": 32,
        "codename": "view_contactresponsecommon"
    }
}, {
    "model": "auth.permission",
    "pk": 141,
    "fields": {
        "name": "Can add contact response",
        "content_type": 33,
        "codename": "add_contactresponse"
    }
}, {
    "model": "auth.permission",
    "pk": 142,
    "fields": {
        "name": "Can change contact response",
        "content_type": 33,
        "codename": "change_contactresponse"
    }
}, {
    "model": "auth.permission",
    "pk": 143,
    "fields": {
        "name": "Can delete contact response",
        "content_type": 33,
        "codename": "delete_contactresponse"
    }
}, {
    "model": "auth.permission",
    "pk": 144,
    "fields": {
        "name": "Can view contact response",
        "content_type": 33,
        "codename": "view_contactresponse"
    }
}, {
    "model": "auth.permission",
    "pk": 145,
    "fields": {
        "name": "Can add contact response action",
        "content_type": 34,
        "codename": "add_contactresponseaction"
    }
}, {
    "model": "auth.permission",
    "pk": 146,
    "fields": {
        "name": "Can change contact response action",
        "content_type": 34,
        "codename": "change_contactresponseaction"
    }
}, {
    "model": "auth.permission",
    "pk": 147,
    "fields": {
        "name": "Can delete contact response action",
        "content_type": 34,
        "codename": "delete_contactresponseaction"
    }
}, {
    "model": "auth.permission",
    "pk": 148,
    "fields": {
        "name": "Can view contact response action",
        "content_type": 34,
        "codename": "view_contactresponseaction"
    }
}]